{
	"data": 
		{
			"data/conf/lang.json": 
				{
					"name": "data/conf/lang.json",
					"MD5": "e66588e8f49714b7af2c5c282ad30830",
					"size": 2,
					"directDependencies": 
						[]
				},
			"data/font/fzjz.ttf": 
				{
					"name": "data/font/fzjz.ttf",
					"MD5": "84ab130301c545dfc8e612a9020157b8",
					"size": 1056,
					"directDependencies": 
						[]
				},
			"data/font/msyh.ttf": 
				{
					"name": "data/font/msyh.ttf",
					"MD5": "4a4ffe4b2a4954630606aa3e62a906b1",
					"size": 1481,
					"directDependencies": 
						[]
				},
			"data/lua/a.txt": 
				{
					"name": "data/lua/a.txt",
					"MD5": "f1f07561612b02132a63c0f172fbc5b2",
					"size": 2,
					"directDependencies": 
						[]
				},
			"data/lua/lua.txt": 
				{
					"name": "data/lua/lua.txt",
					"MD5": "02d6e22bb4a88d280f656d9d426df147",
					"size": 2,
					"directDependencies": 
						[]
				},
			"data/lua/main.txt": 
				{
					"name": "data/lua/main.txt",
					"MD5": "5acf8faaae32130edbeb0ed30159c9c2",
					"size": 2,
					"directDependencies": 
						[]
				},
			"data/texture/background/bg_0.png": 
				{
					"name": "data/texture/background/bg_0.png",
					"MD5": "6148bc064604ad495b1b35d064c3af02",
					"size": 1246,
					"directDependencies": 
						[]
				},
			"data/texture/common.atlas.spriteatlas": 
				{
					"name": "data/texture/common.atlas.spriteatlas",
					"MD5": "54a2f98ca01bdbd2d90f434e3641eed4",
					"size": 18,
					"directDependencies": 
						[]
				},
			"data/texture/font.atlas.spriteatlas": 
				{
					"name": "data/texture/font.atlas.spriteatlas",
					"MD5": "8623224684fbebf7ae59bffeaae940cd",
					"size": 8,
					"directDependencies": 
						[]
				},
			"data/ui/canvas.prefab": 
				{
					"name": "data/ui/canvas.prefab",
					"MD5": "97f104112fd3ac1cb4b5de1c5ba40baa",
					"size": 5,
					"directDependencies": 
						[]
				},
			"data/ui/uiloading.prefab": 
				{
					"name": "data/ui/uiloading.prefab",
					"MD5": "52d85bbb743bc0e7ebc6a93c45b3576c",
					"size": 1265,
					"directDependencies": 
						[
							"data/font/msyh.ttf",
							"data/texture/background/bg_0.png"
						]
				},
			"data/ui/uinormaltipsbox.prefab": 
				{
					"name": "data/ui/uinormaltipsbox.prefab",
					"MD5": "087ba70888597954291464d1322e25d8",
					"size": 26,
					"directDependencies": 
						[
							"data/font/msyh.ttf"
						]
				}
		}
}